what,kind,bundleId,bundleVersion,description,time
executed,command,org.eclipse.ui,3.7.0.I20110602-0100,"org.eclipse.ui.file.save",1506419666480
executed,command,org.eclipse.ui.ide,3.7.0.v20110809-1737,"org.eclipse.ui.project.buildAll",1506419667389
executed,command,org.eclipse.ui,3.7.0.I20110602-0100,"org.eclipse.ui.file.save",1506419673664
executed,command,org.eclipse.ui,3.7.0.I20110602-0100,"org.eclipse.ui.edit.paste",1506419673999
executed,command,org.eclipse.ui,3.7.0.I20110602-0100,"org.eclipse.ui.edit.undo",1506419674992
executed,command,org.eclipse.ui.ide,3.7.0.v20110809-1737,"org.eclipse.ui.project.buildAll",1506419675764
activated,view,org.eclipse.ui.navigator.resources,3.4.300.I20110421-1800,"org.eclipse.ui.navigator.ProjectExplorer",1506420769997
closed,editor,org.eclipse.cdt.ui,5.3.1.201109151620,"org.eclipse.cdt.ui.editor.asm.AsmEditor",1506420772344
opened,editor,org.eclipse.cdt.ui,5.3.1.201109151620,"org.eclipse.cdt.ui.editor.asm.AsmEditor",1506420776316
activated,editor,org.eclipse.cdt.ui,5.3.1.201109151620,"org.eclipse.cdt.ui.editor.asm.AsmEditor",1506420776339
activated,view,org.eclipse.ui.navigator.resources,3.4.300.I20110421-1800,"org.eclipse.ui.navigator.ProjectExplorer",1506420797919
opened,editor,org.eclipse.ui.editors,3.7.0.v20110517-0800,"org.eclipse.ui.DefaultTextEditor",1506420798095
activated,editor,org.eclipse.ui.editors,3.7.0.v20110517-0800,"org.eclipse.ui.DefaultTextEditor",1506420798110
activated,editor,org.eclipse.cdt.ui,5.3.1.201109151620,"org.eclipse.cdt.ui.editor.asm.AsmEditor",1506420912351
deactivated,workbench,org.eclipse.ui.workbench,3.7.0.I20110519-0100,"",1506421116665
activated,workbench,org.eclipse.ui.workbench,3.7.0.I20110519-0100,"",1506421495210
activated,view,org.eclipse.ui.navigator.resources,3.4.300.I20110421-1800,"org.eclipse.ui.navigator.ProjectExplorer",1506421497782
closed,editor,org.eclipse.cdt.ui,5.3.1.201109151620,"org.eclipse.cdt.ui.editor.asm.AsmEditor",1506421499750
closed,editor,org.eclipse.ui.editors,3.7.0.v20110517-0800,"org.eclipse.ui.DefaultTextEditor",1506421499781
opened,editor,org.eclipse.cdt.ui,5.3.1.201109151620,"org.eclipse.cdt.ui.editor.asm.AsmEditor",1506421503492
activated,editor,org.eclipse.cdt.ui,5.3.1.201109151620,"org.eclipse.cdt.ui.editor.asm.AsmEditor",1506421503512
executed,command,org.eclipse.ui,3.7.0.I20110602-0100,"org.eclipse.ui.file.save",1506421520197
executed,command,org.eclipse.ui.ide,3.7.0.v20110809-1737,"org.eclipse.ui.project.buildAll",1506421520797
deactivated,workbench,org.eclipse.ui.workbench,3.7.0.I20110519-0100,"",1506421521101
activated,workbench,org.eclipse.ui.workbench,3.7.0.I20110519-0100,"",1506421521127
executed,command,org.eclipse.ui,3.7.0.I20110602-0100,"org.eclipse.ui.file.save",1506421524092
executed,command,org.eclipse.ui,3.7.0.I20110602-0100,"org.eclipse.ui.file.save",1506421524864
executed,command,org.eclipse.ui.ide,3.7.0.v20110809-1737,"org.eclipse.ui.project.buildAll",1506421525492
executed,command,org.eclipse.ui.ide,3.7.0.v20110809-1737,"org.eclipse.ui.project.buildAll",1506421528757
executed,command,org.eclipse.ui,3.7.0.I20110602-0100,"org.eclipse.ui.file.save",1506421531619
executed,command,org.eclipse.ui.ide,3.7.0.v20110809-1737,"org.eclipse.ui.project.buildAll",1506421532893
deactivated,workbench,org.eclipse.ui.workbench,3.7.0.I20110519-0100,"",1506421533193
activated,workbench,org.eclipse.ui.workbench,3.7.0.I20110519-0100,"",1506421533221
activated,view,org.eclipse.ui.console,3.5.100.v20110511,"org.eclipse.ui.console.ConsoleView",1506421536657
activated,editor,org.eclipse.cdt.ui,5.3.1.201109151620,"org.eclipse.cdt.ui.editor.asm.AsmEditor",1506421538112
activated,view,org.eclipse.ui.navigator.resources,3.4.300.I20110421-1800,"org.eclipse.ui.navigator.ProjectExplorer",1506421541281
activated,view,org.eclipse.ui.ide,3.7.0.v20110809-1737,"org.eclipse.ui.views.ProblemView",1506421545161
activated,view,org.eclipse.ui.navigator.resources,3.4.300.I20110421-1800,"org.eclipse.ui.navigator.ProjectExplorer",1506421547993
executed,command,org.eclipse.ui.ide,3.7.0.v20110809-1737,"org.eclipse.ui.project.buildAll",1506421555253
deactivated,workbench,org.eclipse.ui.workbench,3.7.0.I20110519-0100,"",1506421555552
activated,workbench,org.eclipse.ui.workbench,3.7.0.I20110519-0100,"",1506421555584
activated,view,org.eclipse.ui.ide,3.7.0.v20110809-1737,"org.eclipse.ui.views.ProblemView",1506421557301
opened,view,org.eclipse.ui.ide,3.7.0.v20110809-1737,"org.eclipse.ui.views.TaskList",1506421561122
activated,view,org.eclipse.ui.ide,3.7.0.v20110809-1737,"org.eclipse.ui.views.TaskList",1506421561134
activated,view,org.eclipse.ui.console,3.5.100.v20110511,"org.eclipse.ui.console.ConsoleView",1506421561677
activated,editor,org.eclipse.cdt.ui,5.3.1.201109151620,"org.eclipse.cdt.ui.editor.asm.AsmEditor",1506421569941
executed,command,org.eclipse.ui,3.7.0.I20110602-0100,"org.eclipse.ui.file.save",1506421815534
deactivated,workbench,org.eclipse.ui.workbench,3.7.0.I20110519-0100,"",1506422192239
activated,workbench,org.eclipse.ui.workbench,3.7.0.I20110519-0100,"",1506422926429
activated,view,org.eclipse.ui.navigator.resources,3.4.300.I20110421-1800,"org.eclipse.ui.navigator.ProjectExplorer",1506422927293
closed,editor,org.eclipse.cdt.ui,5.3.1.201109151620,"org.eclipse.cdt.ui.editor.asm.AsmEditor",1506422928994
opened,editor,org.eclipse.cdt.ui,5.3.1.201109151620,"org.eclipse.cdt.ui.editor.asm.AsmEditor",1506422933351
activated,editor,org.eclipse.cdt.ui,5.3.1.201109151620,"org.eclipse.cdt.ui.editor.asm.AsmEditor",1506422933365
executed,command,org.eclipse.ui,3.7.0.I20110602-0100,"org.eclipse.ui.file.save",1506422957657
executed,command,org.eclipse.ui.ide,3.7.0.v20110809-1737,"org.eclipse.ui.project.buildAll",1506422960828
deactivated,workbench,org.eclipse.ui.workbench,3.7.0.I20110519-0100,"",1506422961122
activated,workbench,org.eclipse.ui.workbench,3.7.0.I20110519-0100,"",1506422961150
deactivated,workbench,org.eclipse.ui.workbench,3.7.0.I20110519-0100,"",1506422988311
activated,workbench,org.eclipse.ui.workbench,3.7.0.I20110519-0100,"",1506422989355
executed,command,org.eclipse.ui.ide,3.7.0.v20110809-1737,"org.eclipse.ui.project.buildAll",1506422991781
deactivated,workbench,org.eclipse.ui.workbench,3.7.0.I20110519-0100,"",1506422997979
activated,workbench,org.eclipse.ui.workbench,3.7.0.I20110519-0100,"",1506423000071
deactivated,workbench,org.eclipse.ui.workbench,3.7.0.I20110519-0100,"",1506423000386
activated,workbench,org.eclipse.ui.workbench,3.7.0.I20110519-0100,"",1506423023084
deactivated,workbench,org.eclipse.ui.workbench,3.7.0.I20110519-0100,"",1506423024402
activated,workbench,org.eclipse.ui.workbench,3.7.0.I20110519-0100,"",1506423029554
activated,view,org.eclipse.ui.navigator.resources,3.4.300.I20110421-1800,"org.eclipse.ui.navigator.ProjectExplorer",1506423034544
deactivated,workbench,org.eclipse.ui.workbench,3.7.0.I20110519-0100,"",1506423036688
activated,workbench,org.eclipse.ui.workbench,3.7.0.I20110519-0100,"",1506423038636
deactivated,workbench,org.eclipse.ui.workbench,3.7.0.I20110519-0100,"",1506423038862
activated,workbench,org.eclipse.ui.workbench,3.7.0.I20110519-0100,"",1506423045113
deactivated,workbench,org.eclipse.ui.workbench,3.7.0.I20110519-0100,"",1506423050464
activated,workbench,org.eclipse.ui.workbench,3.7.0.I20110519-0100,"",1506423309241
deactivated,workbench,org.eclipse.ui.workbench,3.7.0.I20110519-0100,"",1506423309510
activated,workbench,org.eclipse.ui.workbench,3.7.0.I20110519-0100,"",1506423804582
activated,editor,org.eclipse.cdt.ui,5.3.1.201109151620,"org.eclipse.cdt.ui.editor.asm.AsmEditor",1506423805232
executed,command,org.eclipse.ui,3.7.0.I20110602-0100,"org.eclipse.ui.file.save",1506423926954
deactivated,workbench,org.eclipse.ui.workbench,3.7.0.I20110519-0100,"",1506424332605
activated,workbench,org.eclipse.ui.workbench,3.7.0.I20110519-0100,"",1506479330313
activated,view,org.eclipse.ui.navigator.resources,3.4.300.I20110421-1800,"org.eclipse.ui.navigator.ProjectExplorer",1506479334296
closed,editor,org.eclipse.cdt.ui,5.3.1.201109151620,"org.eclipse.cdt.ui.editor.asm.AsmEditor",1506479336681
opened,editor,org.eclipse.cdt.ui,5.3.1.201109151620,"org.eclipse.cdt.ui.editor.asm.AsmEditor",1506479342265
activated,editor,org.eclipse.cdt.ui,5.3.1.201109151620,"org.eclipse.cdt.ui.editor.asm.AsmEditor",1506479342282
deactivated,workbench,org.eclipse.ui.workbench,3.7.0.I20110519-0100,"",1506479517080
activated,workbench,org.eclipse.ui.workbench,3.7.0.I20110519-0100,"",1506479519044
deactivated,workbench,org.eclipse.ui.workbench,3.7.0.I20110519-0100,"",1506479519664
activated,workbench,org.eclipse.ui.workbench,3.7.0.I20110519-0100,"",1506479521729
deactivated,workbench,org.eclipse.ui.workbench,3.7.0.I20110519-0100,"",1506479522754
activated,workbench,org.eclipse.ui.workbench,3.7.0.I20110519-0100,"",1506479524488
deactivated,workbench,org.eclipse.ui.workbench,3.7.0.I20110519-0100,"",1506479525151
activated,workbench,org.eclipse.ui.workbench,3.7.0.I20110519-0100,"",1506479528209
activated,view,org.eclipse.ui.navigator.resources,3.4.300.I20110421-1800,"org.eclipse.ui.navigator.ProjectExplorer",1506479538539
opened,editor,org.eclipse.cdt.ui,5.3.1.201109151620,"org.eclipse.cdt.ui.editor.asm.AsmEditor",1506479543257
activated,editor,org.eclipse.cdt.ui,5.3.1.201109151620,"org.eclipse.cdt.ui.editor.asm.AsmEditor",1506479543285
executed,command,org.eclipse.ui,3.7.0.I20110602-0100,"org.eclipse.ui.edit.copy",1506479554405
activated,editor,org.eclipse.cdt.ui,5.3.1.201109151620,"org.eclipse.cdt.ui.editor.asm.AsmEditor",1506479555597
activated,editor,org.eclipse.cdt.ui,5.3.1.201109151620,"org.eclipse.cdt.ui.editor.asm.AsmEditor",1506479559825
activated,editor,org.eclipse.cdt.ui,5.3.1.201109151620,"org.eclipse.cdt.ui.editor.asm.AsmEditor",1506479571067
activated,editor,org.eclipse.cdt.ui,5.3.1.201109151620,"org.eclipse.cdt.ui.editor.asm.AsmEditor",1506479578026
executed,command,org.eclipse.ui,3.7.0.I20110602-0100,"org.eclipse.ui.edit.copy",1506479585101
activated,editor,org.eclipse.cdt.ui,5.3.1.201109151620,"org.eclipse.cdt.ui.editor.asm.AsmEditor",1506479585953
executed,command,org.eclipse.ui,3.7.0.I20110602-0100,"org.eclipse.ui.edit.paste",1506479588371
executed,command,org.eclipse.ui,3.7.0.I20110602-0100,"org.eclipse.ui.file.save",1506479589972
executed,command,org.eclipse.ui,3.7.0.I20110602-0100,"org.eclipse.ui.file.save",1506479592256
executed,command,org.eclipse.ui,3.7.0.I20110602-0100,"org.eclipse.ui.file.save",1506479733332
executed,command,org.eclipse.ui.workbench.texteditor,3.7.0.v20110505-0800,"org.eclipse.ui.edit.text.deletePreviousWord",1506479755126
executed,command,org.eclipse.ui,3.7.0.I20110602-0100,"org.eclipse.ui.file.save",1506479902456
executed,command,org.eclipse.ui,3.7.0.I20110602-0100,"org.eclipse.ui.file.save",1506479948754
executed,command,org.eclipse.ui,3.7.0.I20110602-0100,"org.eclipse.ui.file.save",1506479950595
executed,command,org.eclipse.ui,3.7.0.I20110602-0100,"org.eclipse.ui.edit.copy",1506480002581
executed,command,org.eclipse.ui.workbench.texteditor,3.7.0.v20110505-0800,"org.eclipse.ui.edit.text.goto.wordPrevious",1506480004735
executed,command,org.eclipse.ui,3.7.0.I20110602-0100,"org.eclipse.ui.edit.paste",1506480005003
executed,command,org.eclipse.ui,3.7.0.I20110602-0100,"org.eclipse.ui.file.save",1506480005654
executed,command,org.eclipse.ui,3.7.0.I20110602-0100,"org.eclipse.ui.file.save",1506480014428
executed,command,org.eclipse.ui,3.7.0.I20110602-0100,"org.eclipse.ui.file.save",1506480061634
activated,view,org.eclipse.ui.navigator.resources,3.4.300.I20110421-1800,"org.eclipse.ui.navigator.ProjectExplorer",1506480063951
closed,editor,org.eclipse.cdt.ui,5.3.1.201109151620,"org.eclipse.cdt.ui.editor.asm.AsmEditor",1506480065455
activated,editor,org.eclipse.cdt.ui,5.3.1.201109151620,"org.eclipse.cdt.ui.editor.asm.AsmEditor",1506480066609
executed,command,org.eclipse.ui.ide,3.7.0.v20110809-1737,"org.eclipse.ui.project.buildAll",1506480067028
deactivated,workbench,org.eclipse.ui.workbench,3.7.0.I20110519-0100,"",1506480068194
activated,workbench,org.eclipse.ui.workbench,3.7.0.I20110519-0100,"",1506480077241
executed,command,org.eclipse.ui.ide,3.7.0.v20110809-1737,"org.eclipse.ui.project.buildAll",1506480079124
activated,view,org.eclipse.ui.console,3.5.100.v20110511,"org.eclipse.ui.console.ConsoleView",1506480083168
activated,editor,org.eclipse.cdt.ui,5.3.1.201109151620,"org.eclipse.cdt.ui.editor.asm.AsmEditor",1506480083737
executed,command,org.eclipse.ui,3.7.0.I20110602-0100,"org.eclipse.ui.file.save",1506480091131
executed,command,org.eclipse.ui.ide,3.7.0.v20110809-1737,"org.eclipse.ui.project.buildAll",1506480091339
deactivated,workbench,org.eclipse.ui.workbench,3.7.0.I20110519-0100,"",1506480091634
activated,workbench,org.eclipse.ui.workbench,3.7.0.I20110519-0100,"",1506480091648
deactivated,workbench,org.eclipse.ui.workbench,3.7.0.I20110519-0100,"",1506480092944
activated,workbench,org.eclipse.ui.workbench,3.7.0.I20110519-0100,"",1506480139519
executed,command,org.eclipse.ui.ide,3.7.0.v20110809-1737,"org.eclipse.ui.project.buildAll",1506481537916
activated,view,org.eclipse.ui.navigator.resources,3.4.300.I20110421-1800,"org.eclipse.ui.navigator.ProjectExplorer",1506481552350
opened,editor,org.eclipse.cdt.ui,5.3.1.201109151620,"org.eclipse.cdt.ui.editor.asm.AsmEditor",1506481555361
activated,editor,org.eclipse.cdt.ui,5.3.1.201109151620,"org.eclipse.cdt.ui.editor.asm.AsmEditor",1506481555379
activated,editor,org.eclipse.cdt.ui,5.3.1.201109151620,"org.eclipse.cdt.ui.editor.asm.AsmEditor",1506481561112
activated,editor,org.eclipse.cdt.ui,5.3.1.201109151620,"org.eclipse.cdt.ui.editor.asm.AsmEditor",1506481565249
activated,editor,org.eclipse.cdt.ui,5.3.1.201109151620,"org.eclipse.cdt.ui.editor.asm.AsmEditor",1506481573508
activated,editor,org.eclipse.cdt.ui,5.3.1.201109151620,"org.eclipse.cdt.ui.editor.asm.AsmEditor",1506481582789
activated,editor,org.eclipse.cdt.ui,5.3.1.201109151620,"org.eclipse.cdt.ui.editor.asm.AsmEditor",1506481585991
activated,editor,org.eclipse.cdt.ui,5.3.1.201109151620,"org.eclipse.cdt.ui.editor.asm.AsmEditor",1506481587449
executed,command,org.eclipse.ui.ide,3.7.0.v20110809-1737,"org.eclipse.ui.project.buildAll",1506481593195
deactivated,workbench,org.eclipse.ui.workbench,3.7.0.I20110519-0100,"",1506481593493
activated,workbench,org.eclipse.ui.workbench,3.7.0.I20110519-0100,"",1506481593675
deactivated,workbench,org.eclipse.ui.workbench,3.7.0.I20110519-0100,"",1506481598765
activated,workbench,org.eclipse.ui.workbench,3.7.0.I20110519-0100,"",1506481608647
activated,editor,org.eclipse.cdt.ui,5.3.1.201109151620,"org.eclipse.cdt.ui.editor.asm.AsmEditor",1506481612207
activated,editor,org.eclipse.cdt.ui,5.3.1.201109151620,"org.eclipse.cdt.ui.editor.asm.AsmEditor",1506481613822
activated,editor,org.eclipse.cdt.ui,5.3.1.201109151620,"org.eclipse.cdt.ui.editor.asm.AsmEditor",1506481615314
executed,command,org.eclipse.ui,3.7.0.I20110602-0100,"org.eclipse.ui.file.save",1506481625176
executed,command,org.eclipse.ui,3.7.0.I20110602-0100,"org.eclipse.ui.file.save",1506481638560
activated,editor,org.eclipse.cdt.ui,5.3.1.201109151620,"org.eclipse.cdt.ui.editor.asm.AsmEditor",1506481641242
activated,editor,org.eclipse.cdt.ui,5.3.1.201109151620,"org.eclipse.cdt.ui.editor.asm.AsmEditor",1506481645150
activated,editor,org.eclipse.cdt.ui,5.3.1.201109151620,"org.eclipse.cdt.ui.editor.asm.AsmEditor",1506481647233
activated,editor,org.eclipse.cdt.ui,5.3.1.201109151620,"org.eclipse.cdt.ui.editor.asm.AsmEditor",1506481653349
executed,command,org.eclipse.ui,3.7.0.I20110602-0100,"org.eclipse.ui.file.save",1506481657421
executed,command,org.eclipse.ui,3.7.0.I20110602-0100,"org.eclipse.ui.file.save",1506481661115
executed,command,org.eclipse.ui.ide,3.7.0.v20110809-1737,"org.eclipse.ui.project.buildAll",1506481662956
deactivated,workbench,org.eclipse.ui.workbench,3.7.0.I20110519-0100,"",1506481663245
activated,workbench,org.eclipse.ui.workbench,3.7.0.I20110519-0100,"",1506481663380
deactivated,workbench,org.eclipse.ui.workbench,3.7.0.I20110519-0100,"",1506481666417
activated,workbench,org.eclipse.ui.workbench,3.7.0.I20110519-0100,"",1506481678910
executed,command,org.eclipse.ui,3.7.0.I20110602-0100,"org.eclipse.ui.edit.undo",1506481680841
executed,command,org.eclipse.ui,3.7.0.I20110602-0100,"org.eclipse.ui.edit.undo",1506481681283
executed,command,org.eclipse.ui,3.7.0.I20110602-0100,"org.eclipse.ui.edit.undo",1506481681620
executed,command,org.eclipse.ui,3.7.0.I20110602-0100,"org.eclipse.ui.edit.undo",1506481682058
executed,command,org.eclipse.ui,3.7.0.I20110602-0100,"org.eclipse.ui.file.save",1506481682400
activated,editor,org.eclipse.cdt.ui,5.3.1.201109151620,"org.eclipse.cdt.ui.editor.asm.AsmEditor",1506481702470
activated,editor,org.eclipse.cdt.ui,5.3.1.201109151620,"org.eclipse.cdt.ui.editor.asm.AsmEditor",1506481707732
executed,command,org.eclipse.ui,3.7.0.I20110602-0100,"org.eclipse.ui.file.save",1506481713096
activated,editor,org.eclipse.cdt.ui,5.3.1.201109151620,"org.eclipse.cdt.ui.editor.asm.AsmEditor",1506481715583
activated,editor,org.eclipse.cdt.ui,5.3.1.201109151620,"org.eclipse.cdt.ui.editor.asm.AsmEditor",1506481725994
executed,command,org.eclipse.ui,3.7.0.I20110602-0100,"org.eclipse.ui.edit.undo",1506481732930
executed,command,org.eclipse.ui,3.7.0.I20110602-0100,"org.eclipse.ui.edit.undo",1506481733318
executed,command,org.eclipse.ui,3.7.0.I20110602-0100,"org.eclipse.ui.file.save",1506481733976
executed,command,org.eclipse.ui,3.7.0.I20110602-0100,"org.eclipse.ui.file.save",1506481744176
executed,command,org.eclipse.ui.ide,3.7.0.v20110809-1737,"org.eclipse.ui.project.buildAll",1506481744619
deactivated,workbench,org.eclipse.ui.workbench,3.7.0.I20110519-0100,"",1506481744907
activated,workbench,org.eclipse.ui.workbench,3.7.0.I20110519-0100,"",1506481745006
deactivated,workbench,org.eclipse.ui.workbench,3.7.0.I20110519-0100,"",1506481746854
activated,workbench,org.eclipse.ui.workbench,3.7.0.I20110519-0100,"",1506481752546
activated,editor,org.eclipse.cdt.ui,5.3.1.201109151620,"org.eclipse.cdt.ui.editor.asm.AsmEditor",1506481753957
activated,editor,org.eclipse.cdt.ui,5.3.1.201109151620,"org.eclipse.cdt.ui.editor.asm.AsmEditor",1506481757836
activated,editor,org.eclipse.cdt.ui,5.3.1.201109151620,"org.eclipse.cdt.ui.editor.asm.AsmEditor",1506481759675
activated,editor,org.eclipse.cdt.ui,5.3.1.201109151620,"org.eclipse.cdt.ui.editor.asm.AsmEditor",1506481761095
activated,editor,org.eclipse.cdt.ui,5.3.1.201109151620,"org.eclipse.cdt.ui.editor.asm.AsmEditor",1506481763815
activated,editor,org.eclipse.cdt.ui,5.3.1.201109151620,"org.eclipse.cdt.ui.editor.asm.AsmEditor",1506481775935
activated,editor,org.eclipse.cdt.ui,5.3.1.201109151620,"org.eclipse.cdt.ui.editor.asm.AsmEditor",1506481778176
executed,command,org.eclipse.ui,3.7.0.I20110602-0100,"org.eclipse.ui.edit.copy",1506481781228
activated,editor,org.eclipse.cdt.ui,5.3.1.201109151620,"org.eclipse.cdt.ui.editor.asm.AsmEditor",1506481781745
executed,command,org.eclipse.ui,3.7.0.I20110602-0100,"org.eclipse.ui.edit.paste",1506481783121
executed,command,org.eclipse.ui,3.7.0.I20110602-0100,"org.eclipse.ui.file.save",1506481783442
executed,command,org.eclipse.ui.ide,3.7.0.v20110809-1737,"org.eclipse.ui.project.buildAll",1506481784452
deactivated,workbench,org.eclipse.ui.workbench,3.7.0.I20110519-0100,"",1506481784743
activated,workbench,org.eclipse.ui.workbench,3.7.0.I20110519-0100,"",1506481784840
deactivated,workbench,org.eclipse.ui.workbench,3.7.0.I20110519-0100,"",1506481786671
activated,workbench,org.eclipse.ui.workbench,3.7.0.I20110519-0100,"",1506481791841
activated,view,org.eclipse.ui.navigator.resources,3.4.300.I20110421-1800,"org.eclipse.ui.navigator.ProjectExplorer",1506481793726
opened,editor,org.eclipse.cdt.ui,5.3.1.201109151620,"org.eclipse.cdt.ui.editor.asm.AsmEditor",1506481797574
activated,editor,org.eclipse.cdt.ui,5.3.1.201109151620,"org.eclipse.cdt.ui.editor.asm.AsmEditor",1506481797596
executed,command,org.eclipse.ui,3.7.0.I20110602-0100,"org.eclipse.ui.edit.copy",1506481803677
activated,editor,org.eclipse.cdt.ui,5.3.1.201109151620,"org.eclipse.cdt.ui.editor.asm.AsmEditor",1506481808133
activated,editor,org.eclipse.cdt.ui,5.3.1.201109151620,"org.eclipse.cdt.ui.editor.asm.AsmEditor",1506481809707
closed,editor,org.eclipse.cdt.ui,5.3.1.201109151620,"org.eclipse.cdt.ui.editor.asm.AsmEditor",1506481809707
activated,editor,org.eclipse.cdt.ui,5.3.1.201109151620,"org.eclipse.cdt.ui.editor.asm.AsmEditor",1506481810390
executed,command,org.eclipse.ui,3.7.0.I20110602-0100,"org.eclipse.ui.edit.paste",1506481813423
executed,command,org.eclipse.ui,3.7.0.I20110602-0100,"org.eclipse.ui.edit.undo",1506481839499
executed,command,org.eclipse.ui,3.7.0.I20110602-0100,"org.eclipse.ui.edit.undo",1506481839793
executed,command,org.eclipse.ui,3.7.0.I20110602-0100,"org.eclipse.ui.edit.undo",1506481840026
executed,command,org.eclipse.ui,3.7.0.I20110602-0100,"org.eclipse.ui.edit.undo",1506481840329
executed,command,org.eclipse.ui,3.7.0.I20110602-0100,"org.eclipse.ui.edit.undo",1506481840583
executed,command,org.eclipse.ui,3.7.0.I20110602-0100,"org.eclipse.ui.file.save",1506481842394
executed,command,org.eclipse.ui,3.7.0.I20110602-0100,"org.eclipse.ui.file.save",1506481848185
executed,command,org.eclipse.ui.ide,3.7.0.v20110809-1737,"org.eclipse.ui.project.buildAll",1506481849084
deactivated,workbench,org.eclipse.ui.workbench,3.7.0.I20110519-0100,"",1506481849411
activated,workbench,org.eclipse.ui.workbench,3.7.0.I20110519-0100,"",1506481849754
deactivated,workbench,org.eclipse.ui.workbench,3.7.0.I20110519-0100,"",1506481851686
activated,workbench,org.eclipse.ui.workbench,3.7.0.I20110519-0100,"",1506481856057
deactivated,workbench,org.eclipse.ui.workbench,3.7.0.I20110519-0100,"",1506483849519
activated,workbench,org.eclipse.ui.workbench,3.7.0.I20110519-0100,"",1506483930086
activated,view,org.eclipse.ui.navigator.resources,3.4.300.I20110421-1800,"org.eclipse.ui.navigator.ProjectExplorer",1506484031757
closed,editor,org.eclipse.cdt.ui,5.3.1.201109151620,"org.eclipse.cdt.ui.editor.asm.AsmEditor",1506484036606
activated,editor,org.eclipse.cdt.ui,5.3.1.201109151620,"org.eclipse.cdt.ui.editor.asm.AsmEditor",1506484039820
executed,command,org.eclipse.ui,3.7.0.I20110602-0100,"org.eclipse.ui.file.save",1506484108561
executed,command,org.eclipse.ui.ide,3.7.0.v20110809-1737,"org.eclipse.ui.project.buildAll",1506484109988
deactivated,workbench,org.eclipse.ui.workbench,3.7.0.I20110519-0100,"",1506484110299
activated,workbench,org.eclipse.ui.workbench,3.7.0.I20110519-0100,"",1506484110466
deactivated,workbench,org.eclipse.ui.workbench,3.7.0.I20110519-0100,"",1506484112663
activated,workbench,org.eclipse.ui.workbench,3.7.0.I20110519-0100,"",1506484118927
activated,view,org.eclipse.ui.navigator.resources,3.4.300.I20110421-1800,"org.eclipse.ui.navigator.ProjectExplorer",1506484123101
opened,editor,org.eclipse.cdt.ui,5.3.1.201109151620,"org.eclipse.cdt.ui.editor.asm.AsmEditor",1506484126574
activated,editor,org.eclipse.cdt.ui,5.3.1.201109151620,"org.eclipse.cdt.ui.editor.asm.AsmEditor",1506484126592
activated,editor,org.eclipse.cdt.ui,5.3.1.201109151620,"org.eclipse.cdt.ui.editor.asm.AsmEditor",1506484133152
executed,command,org.eclipse.ui,3.7.0.I20110602-0100,"org.eclipse.ui.edit.copy",1506484167638
activated,editor,org.eclipse.cdt.ui,5.3.1.201109151620,"org.eclipse.cdt.ui.editor.asm.AsmEditor",1506484171758
activated,editor,org.eclipse.cdt.ui,5.3.1.201109151620,"org.eclipse.cdt.ui.editor.asm.AsmEditor",1506484173552
executed,command,org.eclipse.ui,3.7.0.I20110602-0100,"org.eclipse.ui.file.save",1506484174438
executed,command,org.eclipse.ui,3.7.0.I20110602-0100,"org.eclipse.ui.edit.paste",1506484175015
activated,editor,org.eclipse.cdt.ui,5.3.1.201109151620,"org.eclipse.cdt.ui.editor.asm.AsmEditor",1506484180166
activated,editor,org.eclipse.cdt.ui,5.3.1.201109151620,"org.eclipse.cdt.ui.editor.asm.AsmEditor",1506484190025
executed,command,org.eclipse.ui,3.7.0.I20110602-0100,"org.eclipse.ui.edit.copy",1506484197916
executed,command,org.eclipse.ui,3.7.0.I20110602-0100,"org.eclipse.ui.edit.paste",1506484199761
activated,editor,org.eclipse.cdt.ui,5.3.1.201109151620,"org.eclipse.cdt.ui.editor.asm.AsmEditor",1506484202092
activated,editor,org.eclipse.cdt.ui,5.3.1.201109151620,"org.eclipse.cdt.ui.editor.asm.AsmEditor",1506484204841
executed,command,org.eclipse.ui,3.7.0.I20110602-0100,"org.eclipse.ui.file.save",1506484205460
executed,command,org.eclipse.ui,3.7.0.I20110602-0100,"org.eclipse.ui.file.save",1506484207732
executed,command,org.eclipse.ui,3.7.0.I20110602-0100,"org.eclipse.ui.edit.cut",1506484215044
executed,command,org.eclipse.ui,3.7.0.I20110602-0100,"org.eclipse.ui.file.save",1506484215733
executed,command,org.eclipse.ui.ide,3.7.0.v20110809-1737,"org.eclipse.ui.project.buildAll",1506484216156
deactivated,workbench,org.eclipse.ui.workbench,3.7.0.I20110519-0100,"",1506484216445
activated,workbench,org.eclipse.ui.workbench,3.7.0.I20110519-0100,"",1506484216738
deactivated,workbench,org.eclipse.ui.workbench,3.7.0.I20110519-0100,"",1506484219076
activated,workbench,org.eclipse.ui.workbench,3.7.0.I20110519-0100,"",1506484223586
executed,command,org.eclipse.ui,3.7.0.I20110602-0100,"org.eclipse.ui.edit.undo",1506484227088
executed,command,org.eclipse.ui,3.7.0.I20110602-0100,"org.eclipse.ui.file.save",1506484227871
executed,command,org.eclipse.ui.workbench.texteditor,3.7.0.v20110505-0800,"org.eclipse.ui.edit.text.goto.wordPrevious",1506484235376
executed,command,org.eclipse.ui,3.7.0.I20110602-0100,"org.eclipse.ui.file.save",1506484238032
activated,editor,org.eclipse.cdt.ui,5.3.1.201109151620,"org.eclipse.cdt.ui.editor.asm.AsmEditor",1506484239371
activated,editor,org.eclipse.cdt.ui,5.3.1.201109151620,"org.eclipse.cdt.ui.editor.asm.AsmEditor",1506484243140
executed,command,org.eclipse.ui,3.7.0.I20110602-0100,"org.eclipse.ui.file.save",1506484249490
executed,command,org.eclipse.ui,3.7.0.I20110602-0100,"org.eclipse.ui.file.save",1506484255180
executed,command,org.eclipse.ui.ide,3.7.0.v20110809-1737,"org.eclipse.ui.project.buildAll",1506484255867
deactivated,workbench,org.eclipse.ui.workbench,3.7.0.I20110519-0100,"",1506484256150
activated,workbench,org.eclipse.ui.workbench,3.7.0.I20110519-0100,"",1506484256260
executed,command,org.eclipse.ui,3.7.0.I20110602-0100,"org.eclipse.ui.file.save",1506484374667
executed,command,org.eclipse.ui,3.7.0.I20110602-0100,"org.eclipse.ui.file.save",1506484444053
executed,command,org.eclipse.ui.ide,3.7.0.v20110809-1737,"org.eclipse.ui.project.buildAll",1506484444292
deactivated,workbench,org.eclipse.ui.workbench,3.7.0.I20110519-0100,"",1506484444578
activated,workbench,org.eclipse.ui.workbench,3.7.0.I20110519-0100,"",1506484444685
deactivated,workbench,org.eclipse.ui.workbench,3.7.0.I20110519-0100,"",1506484445673
activated,workbench,org.eclipse.ui.workbench,3.7.0.I20110519-0100,"",1506484446962
deactivated,workbench,org.eclipse.ui.workbench,3.7.0.I20110519-0100,"",1506484447734
activated,workbench,org.eclipse.ui.workbench,3.7.0.I20110519-0100,"",1506484451791
activated,view,org.eclipse.ui.navigator.resources,3.4.300.I20110421-1800,"org.eclipse.ui.navigator.ProjectExplorer",1506484451796
activated,editor,org.eclipse.cdt.ui,5.3.1.201109151620,"org.eclipse.cdt.ui.editor.asm.AsmEditor",1506484457204
executed,command,org.eclipse.ui,3.7.0.I20110602-0100,"org.eclipse.ui.file.save",1506484465605
